alpha,beta,r_value,p_value,amfi_code,scheme_name,fund_house
0.03747580763443281,-0.05826843143880891,-0.05162395469288772,0.08026442483699604,100016,HDFC Top 100 Fund - Regular Plan - Growth,HDFC Mutual Fund
0.042817920315060876,0.0011582183155281404,0.003822674723520807,0.897012451516273,100025,HDFC Short Term Debt Fund - Regular - Growth,HDFC Mutual Fund
0.2719535450128533,0.0051035258305283,0.0034736897724276,0.9063691402409381,100033,HDFC Mid-Cap Opportunities Fund - Regular - Growth,HDFC Mutual Fund
0.21399784776051212,0.02108631625012805,0.018656050039368616,0.5275509209180672,101206,ABSL Frontline Equity Fund - Regular - Growth,Aditya Birla Sun Life MF
0.10897091901704538,-0.06528924788351526,-0.032620626504671284,0.26923382859979944,101207,ABSL Small Cap Fund - Regular - Growth,Aditya Birla Sun Life MF
0.060861457957871144,0.00026670968338238303,0.00678794790574087,0.8182140691419656,101208,ABSL Liquid Fund - Regular - Growth,Aditya Birla Sun Life MF
0.17048756803412696,-0.019486785689474546,-0.019566560947423522,0.5075948866942015,102885,UTI Nifty 50 Index Fund - Regular - Growth,UTI Mutual Fund
0.028969397866379445,-0.04212502902189432,-0.029940431861761072,0.31057770814660457,102886,UTI Mid Cap Fund - Regular - Growth,UTI Mutual Fund
0.16211256794033255,0.016682689437770803,0.013645206642938798,0.6440466770890058,102887,UTI Flexi Cap Fund - Regular - Growth,UTI Mutual Fund
0.21829397904608644,-0.00835383212696202,-0.007610358907520611,0.7966457465470186,118632,Nippon India Large Cap Fund - Regular - Growth,Nippon India MF
0.15643835948169668,-0.03663900671860935,-0.0337386235212468,0.25315678850632356,118633,Nippon India Large Cap Fund - Direct - Growth,Nippon India MF
0.1750072167561127,0.10349663691337592,0.05284890312074911,0.07333892285784299,118634,Nippon India Small Cap Fund - Regular - Growth,Nippon India MF
0.1513635464823924,-0.0014335213897801293,-0.001423144721113363,0.9615666405413446,118635,Nippon India ETF Nifty 50 BeES,Nippon India MF
0.05074772999976104,0.0012566742731558512,0.0040640684431161945,0.8905486864137586,118636,Nippon India Gilt Securities Fund - Regular - Growth,Nippon India MF
0.0689952982167755,0.009730745001153639,0.008990349099901948,0.7608083592013818,119092,Axis Bluechip Fund - Regular - Growth,Axis Mutual Fund
0.08232801295222093,0.02588321244009315,0.023857992560659562,0.4191212046285578,119093,Axis Bluechip Fund - Direct - Growth,Axis Mutual Fund
0.2607666908004223,-0.06626542862803757,-0.044009986786640046,0.1359875235249848,119094,Axis Midcap Fund - Regular - Growth,Axis Mutual Fund
0.04801595363775955,-0.06695117463929198,-0.03442614335717364,0.24360834209000373,119095,Axis Small Cap Fund - Regular - Growth,Axis Mutual Fund
0.05620895216638369,-0.006413850728276473,-0.02083891389137171,0.48038566300028684,119120,SBI Magnum Gilt Fund - Regular Plan - Growth,SBI Mutual Fund
0.23201007160635082,-0.03175144113890974,-0.02978219078463306,0.31314302723084503,119551,SBI Bluechip Fund - Regular Plan - Growth,SBI Mutual Fund
0.1986859936686296,-0.026159307513513398,-0.024188471850332804,0.41270558180205436,119552,SBI Bluechip Fund - Direct Plan - Growth,SBI Mutual Fund
0.3033696538698332,-0.023196062044059707,-0.01189225609492233,0.6871791461096045,119598,SBI Small Cap Fund - Regular Plan - Growth,SBI Mutual Fund
0.048824215945539845,0.062001804382671694,0.03202999426594698,0.27800396233826213,119599,SBI Small Cap Fund - Direct Plan - Growth,SBI Mutual Fund
0.17703302365844073,-0.04026895236982061,-0.0373824104136138,0.20543745183411524,120503,ICICI Pru Bluechip Fund - Regular - Growth,ICICI Prudential MF
0.2119482701352573,0.01623216976141703,0.014565757472883968,0.6218551541356451,120504,ICICI Pru Bluechip Fund - Direct - Growth,ICICI Prudential MF
0.2926358334175106,0.0005490042506317283,0.0003668152351752807,0.9900902356906137,120505,ICICI Pru Midcap Fund - Regular - Growth,ICICI Prudential MF
0.1625385327998104,0.041896462728119754,0.03545585721459958,0.22978488107543138,120506,ICICI Pru Value Discovery Fund - Regular - Growth,ICICI Prudential MF
0.06746210411099539,-0.0004440926329707229,-0.011589073060723985,0.6947484438507018,120507,ICICI Pru Liquid Fund - Regular - Growth,ICICI Prudential MF
0.13042924450705445,0.0363563990221998,0.0348047569467334,0.2384593087156638,120841,Kotak Bluechip Fund - Regular - Growth,Kotak Mahindra MF
0.0780443887615508,0.018056874208118173,0.01300597894751271,0.6596465767530764,120842,Kotak Emerging Equity Fund - Regular - Growth,Kotak Mahindra MF
0.27330465038306057,-0.022829569792426545,-0.018521726234753202,0.5305284121437437,120843,Kotak Flexicap Fund - Regular - Growth,Kotak Mahindra MF
0.06455677495375998,-0.00040074423947840073,-0.010062522393650485,0.7333100820090802,120844,Kotak Liquid Fund - Regular - Growth,Kotak Mahindra MF
0.17729754927531766,0.048820404259577385,0.04289731085169742,0.14617594874598647,125497,HDFC Top 100 Fund - Direct Plan - Growth,HDFC Mutual Fund
0.11989100971217971,0.00905441262173916,0.0063590459611755044,0.8295182110189219,125498,HDFC Mid-Cap Opportunities Fund - Direct - Growth,HDFC Mutual Fund
0.2698375144191807,0.023683558075848606,0.021506828930885742,0.4664265197542751,148567,Mirae Asset Large Cap Fund - Regular - Growth,Mirae Asset MF
0.20873010086942337,-0.026387719943843004,-0.022043740047454102,0.4553703178741986,148568,Mirae Asset Emerging Bluechip Fund - Regular - Growth,Mirae Asset MF
0.2827036785246582,0.01813388408385924,0.013224555405808372,0.6542952865906955,148569,Mirae Asset Tax Saver Fund - Regular - Growth,Mirae Asset MF
0.13173190226099432,-0.004050271130006511,-0.0036369778499257197,0.901989502440503,149322,DSP Top 100 Equity Fund - Regular - Growth,DSP Mutual Fund
0.26598577542043045,-0.0025230046646992346,-0.001832478701652171,0.9505247706268665,149323,DSP Midcap Fund - Regular - Growth,DSP Mutual Fund
0.3005787817097677,0.011455159960520708,0.005943896555960208,0.84049358918433,149324,DSP Small Cap Fund - Regular - Growth,DSP Mutual Fund
